file,species
1b490196c.png,Charlock
85431c075.png,Fat Hen
506347cfe.png,Common Chickweed
7f46a71db.png,Small-flowered Cranesbill
668c1007c.png,Small-flowered Cranesbill
71f5323c5.png,Fat Hen
1f3f44563.png,Charlock
beebe5f4e.png,Small-flowered Cranesbill
780defa2e.png,Shepherds Purse
df521c0c0.png,Black-grass
466bb6d3b.png,Small-flowered Cranesbill
98d819587.png,Common Chickweed
223e4af09.png,Cleavers
abc331628.png,Cleavers
eef131644.png,Common Chickweed
b7a7f6390.png,Fat Hen
7d3045fc3.png,Common Chickweed
1926e82fd.png,Common Chickweed
a9d2eab61.png,Loose Silky-bent
bffc08672.png,Cleavers
6dd095129.png,Common Chickweed
6db684fff.png,Scentless Mayweed
cec5bf198.png,Loose Silky-bent
bea23d9f8.png,Loose Silky-bent
48d97c645.png,Small-flowered Cranesbill
31f3dd81f.png,Loose Silky-bent
5b63dcc21.png,Loose Silky-bent
b4c3df835.png,Common Chickweed
3abb502fb.png,Sugar beet
54b3afd58.png,Charlock
550a8b7e6.png,Charlock
8585f9718.png,Loose Silky-bent
e478c452c.png,Small-flowered Cranesbill
25a4c427e.png,Fat Hen
39b740f7e.png,Loose Silky-bent
0021e90e4.png,Common Chickweed
9c32a797e.png,Cleavers
958bb9e96.png,Common wheat
bd789d151.png,Charlock
e19ad6ac9.png,Charlock
b7192c70f.png,Fat Hen
24d78df74.png,Sugar beet
0437393b1.png,Common wheat
f9b6bfb00.png,Small-flowered Cranesbill
3fbd0fc6a.png,Common Chickweed
fa9f3a8f9.png,Fat Hen
e88bf0db9.png,Charlock
8a8d6c712.png,Cleavers
377283a21.png,Small-flowered Cranesbill
19618ad6a.png,Sugar beet
a85b48a95.png,Loose Silky-bent
892e9d6c6.png,Fat Hen
e5297b675.png,Loose Silky-bent
af45e222a.png,Fat Hen
026716f9b.png,Loose Silky-bent
c60e91e07.png,Loose Silky-bent
003d61042.png,Charlock
b9062c1c8.png,Fat Hen
866be78b0.png,Small-flowered Cranesbill
7cabd68cc.png,Common Chickweed
fe9e87b78.png,Charlock
c6c8d4ba0.png,Loose Silky-bent
3bbef3ecb.png,Sugar beet
54c8bb900.png,Fat Hen
5dcad9a53.png,Charlock
ef74dbcad.png,Loose Silky-bent
270b939cf.png,Loose Silky-bent
0c27cf05f.png,Common Chickweed
afcf6abd5.png,Common Chickweed
e921021a8.png,Small-flowered Cranesbill
808578ed5.png,Charlock
1f290e016.png,Common Chickweed
a890ac088.png,Maize
20e562fd5.png,Sugar beet
e7077322d.png,Scentless Mayweed
855955aaf.png,Small-flowered Cranesbill
b341d0aab.png,Small-flowered Cranesbill
97b2f0a10.png,Fat Hen
e4d5ec761.png,Loose Silky-bent
a4b61a4ea.png,Black-grass
e1a0e3202.png,Fat Hen
30ad31220.png,Shepherds Purse
ab35453cb.png,Black-grass
1541bdb2e.png,Cleavers
13b9fa92d.png,Cleavers
7691014a1.png,Scentless Mayweed
76dbd1054.png,Scentless Mayweed
ba3ce6b3e.png,Scentless Mayweed
25cf6eb73.png,Charlock
8e3ed0a25.png,Fat Hen
8c9953903.png,Scentless Mayweed
6edb96d45.png,Cleavers
1d48b7564.png,Fat Hen
6a47821f9.png,Shepherds Purse
bb7621cb3.png,Loose Silky-bent
d89db156f.png,Small-flowered Cranesbill
ac75d3326.png,Common Chickweed
32a8c8a1d.png,Black-grass
79fba50db.png,Common Chickweed
ffc6f8527.png,Fat Hen
5b3000b9a.png,Charlock
ad12382d4.png,Cleavers
98da6ef4e.png,Charlock
b0acaff4a.png,Black-grass
60ee66ddd.png,Small-flowered Cranesbill
ace8761dd.png,Small-flowered Cranesbill
4ac29bbf0.png,Sugar beet
ef9676433.png,Charlock
8e4eaeec0.png,Common Chickweed
486e59179.png,Small-flowered Cranesbill
55a852f40.png,Shepherds Purse
bebcaab66.png,Black-grass
bb64660b7.png,Loose Silky-bent
6049234e6.png,Fat Hen
7beb2766f.png,Charlock
65e262a6d.png,Charlock
5bdcfa329.png,Fat Hen
5ca2687a4.png,Maize
b573b7a56.png,Fat Hen
d2fd9df40.png,Scentless Mayweed
9b9911f20.png,Fat Hen
d350a25fa.png,Black-grass
b47691c08.png,Loose Silky-bent
8e29abce1.png,Fat Hen
99036c51d.png,Loose Silky-bent
f445fe6fb.png,Common Chickweed
90b595f12.png,Small-flowered Cranesbill
43ede9de9.png,Common Chickweed
29bab7cad.png,Loose Silky-bent
82b5f4d33.png,Charlock
785a73ab8.png,Small-flowered Cranesbill
d2f0f326e.png,Charlock
809eb0b82.png,Cleavers
11d3f68ff.png,Charlock
b215531dd.png,Fat Hen
007b3da8b.png,Fat Hen
35ebe165c.png,Fat Hen
0a64e3e6c.png,Loose Silky-bent
65e97117e.png,Black-grass
ac3193f78.png,Loose Silky-bent
bf3924a57.png,Fat Hen
c26ccf73c.png,Scentless Mayweed
29ce426a1.png,Small-flowered Cranesbill
c10ccbd82.png,Fat Hen
fa5fd1384.png,Black-grass
c5e419015.png,Loose Silky-bent
1c680883c.png,Common wheat
c35efa095.png,Common Chickweed
32b42c120.png,Common Chickweed
686dc7ec8.png,Loose Silky-bent
f4021df6c.png,Loose Silky-bent
c7051c902.png,Scentless Mayweed
c832e4302.png,Fat Hen
efe19dc32.png,Loose Silky-bent
adb7a032c.png,Common Chickweed
429211ee6.png,Scentless Mayweed
33748968f.png,Maize
4049a6ea6.png,Loose Silky-bent
da4ed3a28.png,Small-flowered Cranesbill
a2b703e21.png,Sugar beet
6be169e41.png,Charlock
7615e52d3.png,Charlock
c63da993b.png,Common wheat
780bd2a2c.png,Sugar beet
02cfeb38d.png,Loose Silky-bent
b4f7c9214.png,Fat Hen
8a4d3a1b1.png,Loose Silky-bent
a93f940d6.png,Fat Hen
86c309150.png,Charlock
6edc76e7c.png,Fat Hen
728eabae1.png,Loose Silky-bent
a800caead.png,Scentless Mayweed
599c82eea.png,Loose Silky-bent
20817c846.png,Maize
5a6bf96f6.png,Scentless Mayweed
bd72d4d8a.png,Sugar beet
8f523520c.png,Fat Hen
5ee9d0a5b.png,Charlock
2d5058a59.png,Common Chickweed
03e322a29.png,Small-flowered Cranesbill
c1ecff98b.png,Fat Hen
a0f37c726.png,Small-flowered Cranesbill
589e643b8.png,Small-flowered Cranesbill
0d117d910.png,Fat Hen
9aa5587fe.png,Scentless Mayweed
060f1dc84.png,Shepherds Purse
f25996db8.png,Common Chickweed
c75a82234.png,Charlock
34dd57ca9.png,Loose Silky-bent
d09275360.png,Small-flowered Cranesbill
96ecad7a1.png,Fat Hen
26e7ae885.png,Fat Hen
7696badea.png,Loose Silky-bent
c5e88cd42.png,Scentless Mayweed
862b8e7a0.png,Charlock
24dbc3b21.png,Fat Hen
632156793.png,Cleavers
b03397525.png,Scentless Mayweed
33448fe39.png,Loose Silky-bent
90d119d25.png,Common Chickweed
b687160f5.png,Charlock
e96e57a90.png,Charlock
f3fcfff1b.png,Common Chickweed
59358cd44.png,Scentless Mayweed
47b7d8e17.png,Small-flowered Cranesbill
6908fb540.png,Fat Hen
1364b297a.png,Common wheat
f2dc546ca.png,Sugar beet
2406d6c99.png,Charlock
126a71ce0.png,Charlock
b145ba9d4.png,Shepherds Purse
87f627bf9.png,Shepherds Purse
7b52585da.png,Scentless Mayweed
44e8b8833.png,Cleavers
8d6acbe9b.png,Sugar beet
88d8a4508.png,Scentless Mayweed
8a30b2de3.png,Sugar beet
0086a6340.png,Common Chickweed
55251925f.png,Shepherds Purse
043449b0b.png,Sugar beet
22fbf13d6.png,Loose Silky-bent
0bf7bfb05.png,Black-grass
523e5505c.png,Loose Silky-bent
d8f4923f8.png,Cleavers
cc3d2a59a.png,Loose Silky-bent
ef02b4ee7.png,Fat Hen
4f83143e1.png,Common Chickweed
1b6a6494d.png,Scentless Mayweed
a83820a2c.png,Common wheat
a35fd6fbb.png,Fat Hen
3dd52bd2a.png,Charlock
acdb75e00.png,Sugar beet
4e18ab737.png,Cleavers
08d591441.png,Sugar beet
2f246d688.png,Small-flowered Cranesbill
64fe8beb9.png,Charlock
1be0713da.png,Cleavers
a85fc8c9a.png,Common Chickweed
b1cd2a91e.png,Cleavers
a276c65f7.png,Loose Silky-bent
07e62f903.png,Cleavers
5f04aed97.png,Common Chickweed
dcd7ff249.png,Loose Silky-bent
8874bba69.png,Black-grass
fadc6adbc.png,Charlock
1d321253f.png,Charlock
897e5a8de.png,Loose Silky-bent
fbf88b6be.png,Charlock
3f64c2c1b.png,Sugar beet
39858776a.png,Cleavers
fb022edf9.png,Small-flowered Cranesbill
0d31e6602.png,Fat Hen
93079d970.png,Fat Hen
6680836dd.png,Scentless Mayweed
f66ae4070.png,Scentless Mayweed
721be0a4a.png,Small-flowered Cranesbill
0ee4ad224.png,Common Chickweed
599691cd9.png,Scentless Mayweed
86f08e6d1.png,Fat Hen
df11d56a7.png,Loose Silky-bent
d3331e071.png,Fat Hen
46c14fde2.png,Black-grass
2d9c798f9.png,Fat Hen
3e9f41817.png,Loose Silky-bent
c069fc3fa.png,Fat Hen
65489944f.png,Charlock
a74d475c2.png,Small-flowered Cranesbill
74d810f87.png,Charlock
aad8375e0.png,Charlock
4a337a4a9.png,Fat Hen
a254d71f6.png,Fat Hen
e1abb4ff9.png,Common Chickweed
63c07d340.png,Loose Silky-bent
55fed435f.png,Scentless Mayweed
1e095a7e1.png,Fat Hen
8ca6140ca.png,Loose Silky-bent
cc74feadc.png,Loose Silky-bent
e5e3dccff.png,Loose Silky-bent
a169b71e7.png,Small-flowered Cranesbill
3281183f9.png,Small-flowered Cranesbill
406ecb5c5.png,Small-flowered Cranesbill
974959ec1.png,Sugar beet
7fdb7202d.png,Charlock
085974290.png,Common Chickweed
9baf94467.png,Sugar beet
6982a9d30.png,Charlock
664194d19.png,Cleavers
3eda9cbb6.png,Loose Silky-bent
ce3d280eb.png,Cleavers
77ccb8b2a.png,Common Chickweed
8faadb6a8.png,Common Chickweed
52dc7a4d6.png,Sugar beet
4e1190d78.png,Fat Hen
da231c97f.png,Loose Silky-bent
c0bc3997b.png,Loose Silky-bent
cbba27d89.png,Charlock
9d3cb4745.png,Fat Hen
521b27a17.png,Common Chickweed
5bbc0a255.png,Common wheat
67e185673.png,Small-flowered Cranesbill
53e6e9000.png,Fat Hen
f4234cf4f.png,Scentless Mayweed
4c7838de4.png,Fat Hen
a19c3faca.png,Charlock
f4e7733d4.png,Fat Hen
8311740de.png,Cleavers
c88ebfb47.png,Fat Hen
e471f1d3a.png,Scentless Mayweed
36d62bf36.png,Cleavers
9c0c5b731.png,Black-grass
41e07778c.png,Sugar beet
5c3cd7ea2.png,Loose Silky-bent
a935ca110.png,Black-grass
2f0004a7f.png,Cleavers
da9ef7858.png,Loose Silky-bent
148bbda66.png,Common Chickweed
b39c71707.png,Fat Hen
a544fc46d.png,Charlock
4c5ab9b68.png,Loose Silky-bent
cae684f8f.png,Cleavers
1459e96a0.png,Cleavers
23bc8ec4f.png,Sugar beet
d09d24c58.png,Loose Silky-bent
8db450ce3.png,Sugar beet
f4ad9d950.png,Black-grass
05341a8a6.png,Loose Silky-bent
5315c2dca.png,Loose Silky-bent
5296835a0.png,Fat Hen
721b2c47a.png,Small-flowered Cranesbill
1d56351b2.png,Common Chickweed
79d93bc96.png,Loose Silky-bent
50de8a115.png,Loose Silky-bent
6df8e31ea.png,Charlock
cd5f0db1c.png,Small-flowered Cranesbill
e82017baa.png,Fat Hen
d668409ff.png,Loose Silky-bent
279df95f2.png,Sugar beet
9cce7328c.png,Loose Silky-bent
187668bde.png,Fat Hen
406162ef9.png,Charlock
490c4f9c8.png,Fat Hen
32c86784b.png,Scentless Mayweed
b31292706.png,Shepherds Purse
3185294c8.png,Loose Silky-bent
bfab3e3d0.png,Common wheat
122913909.png,Maize
47f9e5d91.png,Common Chickweed
3b73c3b61.png,Common Chickweed
3f826b318.png,Sugar beet
e15472085.png,Small-flowered Cranesbill
37c3108d6.png,Charlock
d0152bd7c.png,Charlock
abf8b0772.png,Cleavers
16357b436.png,Loose Silky-bent
86676d627.png,Loose Silky-bent
b30ab4659.png,Cleavers
7a38416be.png,Small-flowered Cranesbill
6b9d6f8c9.png,Common Chickweed
116b136de.png,Cleavers
e19673dc9.png,Fat Hen
fe29629fb.png,Scentless Mayweed
7f9e9565d.png,Scentless Mayweed
42e7ed442.png,Small-flowered Cranesbill
a38b8a581.png,Small-flowered Cranesbill
03ef36742.png,Loose Silky-bent
06d12f6fa.png,Charlock
fba8fc78a.png,Black-grass
e9d48d664.png,Small-flowered Cranesbill
48231e475.png,Common Chickweed
3526b05cc.png,Fat Hen
7506c0c02.png,Small-flowered Cranesbill
770a265f5.png,Charlock
2ff5cb348.png,Loose Silky-bent
f48916a8c.png,Loose Silky-bent
66ab0e8d0.png,Charlock
1bf9b94a6.png,Fat Hen
55920f07f.png,Charlock
8303b27ed.png,Loose Silky-bent
8e6ec1ca6.png,Cleavers
88ac6df54.png,Loose Silky-bent
592cc5b89.png,Common Chickweed
e73e308be.png,Scentless Mayweed
3efa1f66c.png,Fat Hen
5bc6595f6.png,Maize
6c874918c.png,Shepherds Purse
a8da9c08d.png,Small-flowered Cranesbill
e84464f5a.png,Shepherds Purse
1694a70e4.png,Small-flowered Cranesbill
20f983a71.png,Small-flowered Cranesbill
00c47e980.png,Common Chickweed
a8de7c1b7.png,Common Chickweed
2e86f1085.png,Common Chickweed
c64370a72.png,Sugar beet
cfb18d262.png,Fat Hen
953496deb.png,Common wheat
0c45ace27.png,Shepherds Purse
2a667e099.png,Fat Hen
539961189.png,Sugar beet
856f2910a.png,Small-flowered Cranesbill
4bbfd1e05.png,Sugar beet
26852751a.png,Small-flowered Cranesbill
647689543.png,Scentless Mayweed
fda39e16f.png,Loose Silky-bent
ec08a5d56.png,Charlock
754b1adf8.png,Small-flowered Cranesbill
711b46fba.png,Shepherds Purse
8cf909eb3.png,Charlock
219fd68d5.png,Scentless Mayweed
9c8b08a24.png,Fat Hen
653193c1a.png,Cleavers
14bb43eee.png,Fat Hen
17a78fb44.png,Maize
3da774107.png,Cleavers
c7b07431e.png,Scentless Mayweed
a74bf916d.png,Common Chickweed
a8388a37f.png,Fat Hen
60f0bc617.png,Cleavers
8a32d0bfa.png,Fat Hen
00d090cde.png,Loose Silky-bent
e4a76885b.png,Charlock
fd925f542.png,Sugar beet
e15fce4f2.png,Shepherds Purse
c74c5b7fc.png,Fat Hen
37e545a60.png,Fat Hen
cd6adba97.png,Shepherds Purse
1312065a5.png,Cleavers
8b043093d.png,Small-flowered Cranesbill
e5881dd33.png,Fat Hen
78c5fba1d.png,Sugar beet
ef7a5651d.png,Common Chickweed
fea1d13d6.png,Cleavers
9fab816f2.png,Fat Hen
60fea2ef6.png,Fat Hen
afa446484.png,Charlock
53ceb4657.png,Shepherds Purse
2ea664465.png,Loose Silky-bent
fea355851.png,Fat Hen
a060c1cf8.png,Maize
d563be369.png,Fat Hen
0911d3dee.png,Fat Hen
391dcd7fd.png,Loose Silky-bent
8d6991365.png,Small-flowered Cranesbill
c5078bac5.png,Loose Silky-bent
0751c0bbc.png,Cleavers
c0f5d9ac8.png,Shepherds Purse
5af1d74ee.png,Loose Silky-bent
35cf9fa01.png,Maize
71e73a8a0.png,Sugar beet
dabe3e5be.png,Cleavers
6da892be6.png,Cleavers
dabea05f4.png,Loose Silky-bent
4e9d3765f.png,Charlock
e901b0f28.png,Loose Silky-bent
165681fd9.png,Charlock
65d08b894.png,Charlock
8301b0547.png,Small-flowered Cranesbill
99569b224.png,Fat Hen
976e4e079.png,Common Chickweed
a8b431a3e.png,Scentless Mayweed
f85ed9b6d.png,Small-flowered Cranesbill
5817b766d.png,Common Chickweed
4b032563b.png,Fat Hen
606647f64.png,Sugar beet
b944a49ca.png,Fat Hen
8ece6efec.png,Fat Hen
f33e9d918.png,Common wheat
6d6eb3830.png,Small-flowered Cranesbill
d41d87796.png,Loose Silky-bent
b026bf8ca.png,Fat Hen
b62dca166.png,Black-grass
4823c3ffa.png,Charlock
338c7e907.png,Common Chickweed
e52493d0b.png,Common Chickweed
b130a0632.png,Small-flowered Cranesbill
0caeda5df.png,Cleavers
0c51bf229.png,Common Chickweed
590f5aea6.png,Charlock
e3f50adfc.png,Cleavers
d488a4fe1.png,Cleavers
8cfd98117.png,Fat Hen
e5064f6be.png,Scentless Mayweed
239bdf640.png,Small-flowered Cranesbill
0c5f6c493.png,Fat Hen
b6a3f7876.png,Fat Hen
c2de6020a.png,Common Chickweed
24a058589.png,Small-flowered Cranesbill
59e1cea8d.png,Cleavers
be2499cf4.png,Charlock
17529c555.png,Loose Silky-bent
19fdf19fb.png,Common wheat
fef2ade8c.png,Sugar beet
a0b393945.png,Fat Hen
c0461776c.png,Sugar beet
699d3c707.png,Sugar beet
aa7d098d1.png,Loose Silky-bent
ef3e232ad.png,Common Chickweed
615d2b0a9.png,Loose Silky-bent
ce42adffb.png,Loose Silky-bent
fdea6b119.png,Common Chickweed
cf3a8b2fd.png,Black-grass
aecfaed64.png,Small-flowered Cranesbill
20ea96bcc.png,Fat Hen
800a8c17e.png,Loose Silky-bent
0ebf8f2f4.png,Charlock
966ae5ad9.png,Fat Hen
c10db7ae2.png,Small-flowered Cranesbill
a2d25b4f3.png,Small-flowered Cranesbill
f351ce097.png,Fat Hen
a2c89c367.png,Shepherds Purse
4bbf1f6ea.png,Maize
39d569be4.png,Fat Hen
29f49cd0b.png,Small-flowered Cranesbill
92292055d.png,Fat Hen
fda0b5c38.png,Cleavers
c06e7c748.png,Fat Hen
b6f3d8b5d.png,Loose Silky-bent
ff65bc002.png,Fat Hen
8170d33c1.png,Common wheat
fd253a74e.png,Small-flowered Cranesbill
258b1183c.png,Cleavers
e721c6ac8.png,Loose Silky-bent
c6b76307d.png,Cleavers
3f92d8039.png,Fat Hen
00ef713a8.png,Common Chickweed
71b232519.png,Fat Hen
d7017f701.png,Cleavers
36839d5e9.png,Loose Silky-bent
f6d250856.png,Common Chickweed
dd5ec63d9.png,Scentless Mayweed
d93c7ab6d.png,Fat Hen
a3d0031fd.png,Fat Hen
79dafec17.png,Loose Silky-bent
2df78338c.png,Sugar beet
5bd71f445.png,Fat Hen
8455169fe.png,Common Chickweed
3827436f3.png,Sugar beet
0625f063b.png,Common Chickweed
e0ec5b6a1.png,Fat Hen
a006a475c.png,Common Chickweed
03a2ee656.png,Small-flowered Cranesbill
e6f1211a2.png,Scentless Mayweed
9a3f20121.png,Cleavers
dd9f36df7.png,Common Chickweed
ce15eee52.png,Fat Hen
dce2f6612.png,Charlock
61dd2cdc5.png,Cleavers
fea3da57c.png,Cleavers
8e2e5604e.png,Shepherds Purse
1758a1baf.png,Fat Hen
01291174f.png,Loose Silky-bent
dfb1d9012.png,Loose Silky-bent
444473900.png,Black-grass
e80a259c5.png,Small-flowered Cranesbill
bb1d1bfd3.png,Small-flowered Cranesbill
b3d6fdb80.png,Loose Silky-bent
03566743d.png,Loose Silky-bent
ae90f2827.png,Scentless Mayweed
7c85b0265.png,Black-grass
2a5064f19.png,Fat Hen
cf46d09c5.png,Loose Silky-bent
23e480e64.png,Scentless Mayweed
e98e5d1d5.png,Shepherds Purse
060450d79.png,Scentless Mayweed
071cb3ece.png,Cleavers
cbe761896.png,Scentless Mayweed
c50335991.png,Loose Silky-bent
f9ea23fb5.png,Shepherds Purse
f1f7c833f.png,Shepherds Purse
eec1079a1.png,Small-flowered Cranesbill
cf90fc52d.png,Common Chickweed
b3e08b037.png,Small-flowered Cranesbill
963544aa0.png,Common Chickweed
37714071b.png,Common Chickweed
d14aa43f3.png,Small-flowered Cranesbill
3d65168c2.png,Fat Hen
837ac0270.png,Small-flowered Cranesbill
59f62ad1d.png,Loose Silky-bent
9326bda1b.png,Charlock
04814f36d.png,Scentless Mayweed
d515398fd.png,Loose Silky-bent
d2f422ccb.png,Fat Hen
2d992d1fb.png,Loose Silky-bent
56a01b835.png,Cleavers
248436078.png,Loose Silky-bent
3d38a87bc.png,Sugar beet
6b721f68e.png,Fat Hen
5ca0205f9.png,Loose Silky-bent
97844bfd5.png,Fat Hen
063363305.png,Shepherds Purse
d9c50616e.png,Fat Hen
1cfd91582.png,Fat Hen
24d36c52c.png,Common Chickweed
67ce3eaa6.png,Common Chickweed
827279bad.png,Small-flowered Cranesbill
f593c9cf0.png,Scentless Mayweed
1623fb9e1.png,Fat Hen
6a41bf95b.png,Fat Hen
808cf55c6.png,Charlock
5eb9c26a6.png,Common Chickweed
c0d9e170b.png,Cleavers
752101fdf.png,Scentless Mayweed
fd87b36ae.png,Black-grass
4b155fb07.png,Shepherds Purse
35a90f8d0.png,Loose Silky-bent
1fefb54b7.png,Cleavers
089ad62a7.png,Small-flowered Cranesbill
f9f35cbd4.png,Scentless Mayweed
0885e7690.png,Small-flowered Cranesbill
4f44ca525.png,Loose Silky-bent
659412b1a.png,Fat Hen
205df1df3.png,Charlock
a5db42f7d.png,Scentless Mayweed
5a38ac566.png,Scentless Mayweed
5883b423d.png,Loose Silky-bent
de0b79659.png,Fat Hen
df7cb5f87.png,Black-grass
8dbb8e1b9.png,Fat Hen
0f6cbe5e8.png,Shepherds Purse
7b21ba6ba.png,Fat Hen
74068643d.png,Loose Silky-bent
0ad9e7dfb.png,Common Chickweed
25fa8d109.png,Fat Hen
7d22abf91.png,Charlock
b828443ff.png,Loose Silky-bent
e5368474f.png,Fat Hen
604dd663f.png,Maize
099b961ec.png,Small-flowered Cranesbill
c7ae30f3a.png,Common Chickweed
8bc0261c9.png,Black-grass
52a87abe5.png,Fat Hen
cadab6616.png,Common Chickweed
33317fc2a.png,Sugar beet
1d0cbd819.png,Fat Hen
eaf0815e2.png,Common Chickweed
4c8005bbc.png,Loose Silky-bent
2bd74d2da.png,Scentless Mayweed
dc4cd56a3.png,Fat Hen
aee6fa3df.png,Small-flowered Cranesbill
f0ffa00bd.png,Sugar beet
69d1669f8.png,Charlock
d689256be.png,Common wheat
0c4199daa.png,Fat Hen
87608f7aa.png,Small-flowered Cranesbill
995c7ab1e.png,Common Chickweed
8104422bb.png,Loose Silky-bent
c4ed8ed38.png,Common wheat
8916793ce.png,Scentless Mayweed
5779fe8b4.png,Fat Hen
1c52ea820.png,Scentless Mayweed
caa2fbd79.png,Small-flowered Cranesbill
288564c76.png,Common Chickweed
a55d26a4c.png,Shepherds Purse
59b2c6f2b.png,Loose Silky-bent
e9cd91682.png,Common Chickweed
0ae6668fa.png,Scentless Mayweed
c8f50f0c3.png,Fat Hen
da5255450.png,Sugar beet
16fd2e01a.png,Common Chickweed
9d79a1f0c.png,Charlock
73260a4ee.png,Black-grass
56112b92c.png,Fat Hen
d17f48d3b.png,Scentless Mayweed
1376f3b63.png,Loose Silky-bent
756dd5070.png,Common Chickweed
4e69d100a.png,Charlock
9df3275da.png,Common Chickweed
bb20fce02.png,Sugar beet
446f7da01.png,Black-grass
17d5e5ac4.png,Loose Silky-bent
1821eb11a.png,Shepherds Purse
6ba4ef411.png,Small-flowered Cranesbill
16467a950.png,Common wheat
80e299ae9.png,Charlock
fc3e58836.png,Black-grass
558aa7deb.png,Fat Hen
75cb95e91.png,Charlock
38c054379.png,Small-flowered Cranesbill
36ed4f215.png,Loose Silky-bent
19e58cc5e.png,Common Chickweed
cfd8165e9.png,Small-flowered Cranesbill
b98327bf4.png,Scentless Mayweed
592473c83.png,Sugar beet
2126dc71b.png,Common Chickweed
a1da8be3c.png,Shepherds Purse
e1809cef2.png,Scentless Mayweed
d102e1a15.png,Cleavers
cb496f36e.png,Scentless Mayweed
be341dbdc.png,Common Chickweed
7d4cd07ad.png,Sugar beet
4bcdaa5e2.png,Small-flowered Cranesbill
d0cdc768f.png,Common wheat
e783f5a4f.png,Fat Hen
f4caf74f9.png,Scentless Mayweed
74fd477eb.png,Common Chickweed
6bce55e05.png,Common Chickweed
e14afa235.png,Loose Silky-bent
2dd5cfba9.png,Charlock
a1e0a6c02.png,Sugar beet
618de3d7a.png,Loose Silky-bent
3eebd36c6.png,Shepherds Purse
502dff972.png,Small-flowered Cranesbill
241e6935a.png,Fat Hen
edfdb4aeb.png,Shepherds Purse
48ef6a2ff.png,Charlock
19b51843a.png,Charlock
b29339405.png,Fat Hen
39c8fde99.png,Scentless Mayweed
ef65533d5.png,Black-grass
b5c7fd009.png,Cleavers
2693e5c65.png,Shepherds Purse
d5f7dd60a.png,Sugar beet
1191ba346.png,Fat Hen
177d7e2a4.png,Fat Hen
9643fc5f4.png,Charlock
bdde957ec.png,Fat Hen
c85ef220d.png,Fat Hen
5e6a237f2.png,Sugar beet
ab0f67743.png,Small-flowered Cranesbill
3d67c434b.png,Fat Hen
969a851be.png,Sugar beet
f1e87cba7.png,Loose Silky-bent
12625488b.png,Fat Hen
d84d37a61.png,Small-flowered Cranesbill
71334c634.png,Scentless Mayweed
8b9144917.png,Common Chickweed
b2706e2b3.png,Small-flowered Cranesbill
22e79540f.png,Cleavers
b7ad92859.png,Cleavers
675ec1b0b.png,Maize
41f1c3cdb.png,Scentless Mayweed
0e8492cb1.png,Small-flowered Cranesbill
93d76fd5d.png,Small-flowered Cranesbill
aaf4da98f.png,Cleavers
31fcdc161.png,Common Chickweed
835dc5447.png,Shepherds Purse
9b4800b42.png,Black-grass
37297a64c.png,Scentless Mayweed
3ebbe9ca4.png,Charlock
f23faf9c1.png,Charlock
4392d93cf.png,Scentless Mayweed
dc55449b2.png,Common Chickweed
8b27bfd2b.png,Small-flowered Cranesbill
3a909ead8.png,Common Chickweed
ede6b84b4.png,Cleavers
f8318faf1.png,Sugar beet
96f14d90c.png,Sugar beet
172f9b10b.png,Loose Silky-bent
61b044411.png,Shepherds Purse
76555b064.png,Loose Silky-bent
9516e56c4.png,Loose Silky-bent
8ab8a958b.png,Fat Hen
d6d80a321.png,Loose Silky-bent
410e6f702.png,Small-flowered Cranesbill
824f5d4e5.png,Loose Silky-bent
d01873fdd.png,Common wheat
bf66b9cd2.png,Charlock
a8c8a1db0.png,Cleavers
da713c465.png,Sugar beet
7f31c7f42.png,Charlock
d6d31dcbe.png,Sugar beet
534e74d83.png,Fat Hen
d6c8c3c48.png,Fat Hen
3edf5e9ef.png,Loose Silky-bent
8c98a6e9b.png,Black-grass
2b55a2da2.png,Small-flowered Cranesbill
4ea7493d5.png,Scentless Mayweed
78750e0ff.png,Fat Hen
115f93ecc.png,Shepherds Purse
cb76a7766.png,Fat Hen
91e469b4a.png,Shepherds Purse
9c777333d.png,Small-flowered Cranesbill
1dc7c45df.png,Loose Silky-bent
fc6f686fb.png,Small-flowered Cranesbill
4287d810c.png,Common Chickweed
0fb233ad6.png,Loose Silky-bent
a7bd7cadb.png,Small-flowered Cranesbill
bb1c84bbc.png,Small-flowered Cranesbill
1f5e5554e.png,Charlock
79e5ea8fa.png,Loose Silky-bent
3fbf1a417.png,Fat Hen
c7eb96871.png,Cleavers
59c6a9f95.png,Charlock
5b3beec58.png,Loose Silky-bent
851c90831.png,Loose Silky-bent
98062cd87.png,Small-flowered Cranesbill
7e9cf1c46.png,Small-flowered Cranesbill
a3b375b34.png,Black-grass
0dba99002.png,Charlock
593896f83.png,Scentless Mayweed
456d507c0.png,Maize
78b1bf91a.png,Sugar beet
8cf2e3e6c.png,Fat Hen
948cdb277.png,Cleavers
24c94a6ca.png,Maize
